Player,Pos,Age,Tm,G,MP,PER,TS%,3PAr,FTr,ORB%,DRB%,TRB%,AST%,STL%,BLK%,TOV%,USG%,OWS,DWS,WS,WS/48,OBPM,DBPM,BPM,VORP,Salary_t,Salary_n
Alex Abrines,SG,24,OKC,75,1134,9.0,0.567,0.759,0.158,2.5,8.9,5.6,3.4,1.7,0.6,7.4,12.7,1.3,1.0,2.2,0.094,-1.9,0.4,-1.5,0.1,5725000,6025138
Quincy Acy,PF,27,BRK,70,1359,8.2,0.525,0.8,0.164,3.1,17.1,10.0,6.0,1.2,1.6,13.3,14.4,-0.1,1.1,1.0,0.036,-2.6,0.1,-2.5,-0.2,1709538,1799162
Steven Adams,C,24,OKC,76,2487,20.6,0.63,0.003,0.402,16.6,13.9,15.3,5.5,1.8,2.8,13.3,16.7,6.7,3.0,9.7,0.187,1.7,-0.6,1.1,2.0,22471911,23650022
Bam Adebayo,C,20,MIA,69,1368,15.7,0.57,0.021,0.526,9.7,21.6,15.6,11.0,1.2,2.5,13.6,15.9,2.3,1.9,4.2,0.148,-1.1,0.7,-0.4,0.6,2490360,2620919
Arron Afflalo,SG,32,ORL,53,682,5.8,0.516,0.432,0.16,0.6,10.1,5.3,6.2,0.3,1.1,10.8,12.5,-0.1,0.2,0.1,0.009,-3.8,-1.5,-5.4,-0.6,5328652,5608010
LaMarcus Aldridge,C,32,SAS,75,2509,25.0,0.57,0.068,0.296,10.8,17.3,14.0,11.3,0.9,3.0,6.8,29.1,7.4,3.5,10.9,0.209,4.3,-0.4,3.9,3.7,21461010,22586123
Jarrett Allen,C,19,BRK,72,1441,17.5,0.636,0.038,0.37,10.5,18.1,14.3,5.4,0.9,4.6,15.1,16.3,2.7,1.5,4.2,0.141,-0.9,0.1,-0.8,0.5,1713720,1803563
Tony Allen,SF,36,NOP,22,273,8.7,0.514,0.132,0.231,8.2,10.4,9.3,4.6,1.9,0.9,15.9,18.9,-0.2,0.2,0.1,0.017,-5.2,-0.3,-5.5,-0.2,1471382,1548520
Al-Farouq Aminu,PF,27,POR,69,2072,12.0,0.522,0.582,0.137,5.2,22.3,13.8,5.8,1.9,1.6,11.3,14.8,0.9,3.2,4.2,0.097,-0.7,1.1,0.4,1.3,7319035,7702742
Justin Anderson,SF,24,PHI,38,519,13.0,0.54,0.51,0.188,5.4,13.6,9.6,7.1,1.4,1.1,6.8,19.3,0.6,0.7,1.2,0.115,-0.6,-0.3,-0.9,0.1,1579440,1662243
Kyle Anderson,SF,24,SAS,74,1978,15.9,0.582,0.13,0.333,4.7,17.6,11.1,14.7,2.9,2.5,15.8,13.5,2.4,3.8,6.2,0.151,-0.4,3.3,2.9,2.4,2151704,2264509
Ryan Anderson,PF,29,HOU,66,1725,12.6,0.592,0.706,0.194,6.2,15.4,10.8,5.1,0.7,1.0,7.5,14.4,3.1,1.7,4.8,0.132,0.9,-0.8,0.1,0.9,19578455,20604874
Giannis Antetokounmpo,PF,23,MIL,75,2756,27.3,0.598,0.1,0.457,6.7,25.3,16.0,23.7,2.0,3.3,11.7,31.2,8.3,3.6,11.9,0.207,5.3,0.9,6.2,5.7,22471911,23650022
Carmelo Anthony,PF,33,OKC,78,2501,12.7,0.503,0.406,0.165,2.9,17.7,10.0,6.5,0.9,1.8,7.3,23.2,1.2,2.5,3.7,0.071,-0.6,-1.3,-1.9,0.0,26243760,27619614
OG Anunoby,SF,20,TOR,74,1481,10.0,0.587,0.569,0.179,3.4,10.4,7.0,5.0,1.7,0.8,10.8,12.4,1.4,1.6,3.0,0.098,-1.2,0.6,-0.6,0.5,1645200,1731451
Ryan Arcidiacono,PG,23,CHI,24,304,7.3,0.55,0.756,0.146,0.3,8.8,4.4,15.5,2.1,0.0,23.0,8.1,0.1,0.2,0.3,0.04,-4.7,0.6,-4.1,-0.2,77250,81299
Trevor Ariza,SF,32,HOU,67,2269,11.8,0.567,0.71,0.137,1.7,12.9,7.3,6.8,2.1,0.5,7.0,14.4,2.6,2.8,5.3,0.113,0.0,0.7,0.7,1.5,7400000,7787952
Jamel Artis,SG,25,ORL,15,279,6.9,0.457,0.367,0.152,1.6,13.5,7.5,9.3,0.4,0.9,8.7,14.5,-0.1,0.1,0.0,-0.006,-3.8,-1.6,-5.4,-0.2,77250,81299
Dwayne Bacon,SG,22,CHO,53,713,5.8,0.431,0.224,0.13,0.6,18.5,9.4,7.5,1.1,0.2,10.2,13.7,-0.7,0.6,-0.1,-0.007,-4.8,0.1,-4.7,-0.5,815615,858374
Ron Baker,SG,24,NYK,29,385,9.3,0.504,0.559,0.441,1.4,7.2,4.3,15.5,3.3,1.3,20.4,10.0,0.1,0.4,0.5,0.059,-2.8,2.4,-0.4,0.2,4328000,4554899
Lonzo Ball,PG,20,LAL,52,1780,12.5,0.444,0.523,0.126,4.2,17.3,10.8,29.2,2.4,2.0,18.6,17.4,-0.5,2.5,2.0,0.053,-0.7,1.6,1.0,1.3,6286560,6616138
Harrison Barnes,PF,25,DAL,77,2634,15.8,0.539,0.276,0.259,3.1,17.1,9.9,9.9,0.9,0.5,8.1,25.2,2.0,1.9,3.8,0.07,0.8,-1.3,-0.5,1.0,23112004,24323672
Will Barton,SG,27,DEN,81,2683,16.2,0.562,0.411,0.22,3.0,14.2,8.6,18.5,1.5,1.6,11.7,20.7,4.4,1.8,6.2,0.111,1.6,-0.4,1.1,2.1,3533333,3718571
Nicolas Batum,SG,29,CHO,64,1981,14.4,0.523,0.422,0.2,3.1,13.8,8.4,26.2,1.6,1.0,15.6,18.3,1.7,1.8,3.5,0.084,0.5,-0.1,0.4,1.2,22434783,23610947
Jerryd Bayless,SG,29,PHI,39,925,7.5,0.546,0.557,0.168,1.8,7.3,4.7,8.0,1.2,0.5,14.1,15.1,0.2,0.9,1.1,0.055,-2.7,-0.2,-2.8,-0.2,9000000,9471833
Aron Baynes,C,31,BOS,81,1485,12.0,0.502,0.047,0.175,9.7,22.1,16.0,9.6,0.7,2.9,14.3,16.8,0.5,2.5,3.0,0.097,-3.6,0.7,-2.9,-0.3,4300000,4525431
Kent Bazemore,SG,28,ATL,65,1789,14.5,0.547,0.405,0.297,1.6,13.9,7.7,20.1,2.7,2.2,17.0,22.5,0.2,2.0,2.2,0.059,-0.4,1.0,0.6,1.2,16910112,17796640
Bradley Beal,SG,24,WAS,82,2977,18.4,0.564,0.357,0.249,2.3,11.5,6.9,21.0,1.6,1.1,11.5,27.6,4.4,2.5,6.9,0.111,2.9,-0.7,2.2,3.1,23775506,25021959
Malik Beasley,SG,21,DEN,62,583,9.0,0.509,0.461,0.185,2.7,11.0,6.9,7.4,1.3,1.0,11.1,16.2,0.1,0.3,0.3,0.028,-2.4,-1.4,-3.8,-0.3,1700640,1789797
Michael Beasley,PF,29,NYK,74,1653,17.8,0.556,0.107,0.197,6.5,21.2,13.9,12.5,1.1,2.3,14.0,26.9,0.9,1.5,2.4,0.069,0.6,-0.8,-0.2,0.7,2116955,2227938
Jordan Bell,C,23,GSW,57,809,18.0,0.641,0.022,0.238,8.9,19.0,14.3,16.9,2.1,5.5,20.0,13.9,1.6,1.4,2.9,0.174,0.0,2.8,2.8,1.0,815615,858374
Dragan Bender,PF,20,PHO,82,2069,7.1,0.524,0.665,0.105,2.0,16.8,9.3,8.9,0.5,2.1,18.1,12.7,-0.7,0.8,0.1,0.001,-2.9,-0.8,-3.7,-0.9,4468800,4703081
Davis Bertans,PF,25,SAS,77,1086,14.1,0.588,0.689,0.134,1.8,13.9,7.8,10.3,1.2,2.1,8.5,17.4,1.6,1.4,3.1,0.135,1.0,0.6,1.6,1.0,1312611,1381425
Patrick Beverley,SG,29,LAC,11,334,12.4,0.53,0.504,0.143,5.3,9.4,7.4,13.8,2.8,1.3,16.5,19.6,0.1,0.3,0.4,0.056,-0.3,0.8,0.5,0.2,5513514,5802565
Khem Birch,C,25,ORL,42,578,16.4,0.582,0.0,0.484,13.2,21.1,17.1,8.5,1.3,2.9,12.1,13.2,1.2,0.6,1.8,0.15,-0.7,-0.2,-0.9,0.2,815615,858374
Bismack Biyombo,C,25,ORL,82,1495,14.1,0.556,0.003,0.446,10.5,24.0,17.2,6.5,0.7,5.1,16.6,14.9,1.1,1.8,2.9,0.094,-2.6,0.2,-2.4,-0.2,17000000,17891241
Nemanja Bjelica,PF,29,MIN,67,1371,12.6,0.581,0.493,0.121,4.4,18.8,11.5,8.7,1.8,1.0,11.7,14.3,1.7,1.1,2.8,0.097,-0.1,0.2,0.1,0.7,3950000,4157082
Tarik Black,C,26,HOU,51,536,14.3,0.582,0.087,0.496,13.4,20.9,17.1,3.7,1.9,4.8,18.4,15.6,0.5,1.0,1.5,0.136,-3.7,1.2,-2.6,-0.1,3290000,3462481
Antonio Blakeney,SG,21,CHI,19,314,10.1,0.471,0.364,0.273,1.3,10.3,5.6,10.1,1.1,0.3,6.4,23.7,-0.2,0.1,0.0,-0.006,-2.8,-2.4,-5.2,-0.3,77250,81299
Bogdan Bogdanovic,SG,25,SAC,78,2175,13.5,0.556,0.426,0.154,1.6,10.5,5.8,18.3,1.7,0.7,13.2,19.6,1.8,1.1,2.9,0.064,-0.6,-0.9,-1.5,0.3,9470614,9967119
Bojan Bogdanovic,SF,28,IND,80,2464,13.9,0.605,0.453,0.241,1.4,10.9,6.2,7.1,1.1,0.3,10.1,19.0,3.8,1.6,5.4,0.105,0.5,-1.2,-0.7,0.8,10500000,11050472
Andrew Bogut,C,33,LAL,24,216,10.9,0.696,0.0,0.08,12.9,25.4,19.2,9.1,0.9,4.9,42.3,8.8,0.1,0.3,0.4,0.094,-4.7,1.9,-2.8,-0.1,1078810,1135367
Devin Booker,SG,21,PHO,54,1865,18.1,0.561,0.364,0.312,1.5,12.7,7.0,24.4,1.2,0.6,13.9,31.7,1.9,0.6,2.4,0.063,2.9,-2.0,0.9,1.4,2319360,2440954
Malcolm Brogdon,PG,25,MIL,48,1436,14.3,0.578,0.32,0.169,1.9,10.8,6.4,16.3,1.4,0.8,10.9,19.1,2.0,0.7,2.7,0.091,-0.1,-1.0,-1.2,0.3,1312611,1381425
Dillon Brooks,SF,22,MEM,82,2350,9.8,0.531,0.342,0.215,2.4,10.5,6.3,9.3,1.6,0.7,12.8,18.5,0.1,1.1,1.2,0.024,-2.9,-1.1,-4.0,-1.2,815615,858374
Jaylen Brown,SG,21,BOS,70,2152,13.6,0.562,0.381,0.29,3.4,14.0,8.8,8.5,1.6,1.0,12.0,21.4,1.2,3.2,4.5,0.1,-0.8,0.3,-0.5,0.8,4956480,5216328
Sterling Brown,SG,22,MIL,54,776,9.1,0.503,0.444,0.117,4.1,17.5,10.8,4.5,2.0,1.4,10.4,14.0,0.0,0.7,0.7,0.043,-2.8,-0.2,-3.1,-0.2,815615,858374
Reggie Bullock,SF,26,DET,62,1732,13.6,0.615,0.515,0.09,1.7,8.3,4.9,8.4,1.4,0.7,7.6,15.7,2.8,1.4,4.2,0.117,0.7,0.0,0.7,1.2,2500000,2631064
Trey Burke,PG,25,NYK,36,785,21.0,0.563,0.273,0.148,1.8,8.2,5.0,36.4,1.5,0.4,9.5,25.1,2.0,0.3,2.4,0.145,3.9,-1.4,2.5,0.9,784160,825270
Alec Burks,SG,26,UTA,64,1059,13.1,0.527,0.343,0.3,2.1,18.4,10.3,10.0,1.8,0.6,11.4,22.5,0.2,1.6,1.9,0.084,-1.3,0.4,-0.9,0.3,10845506,11414092
Jimmy Butler,SG,28,MIN,59,2164,23.7,0.59,0.217,0.461,4.2,12.7,8.4,20.6,2.7,1.0,8.9,24.9,7.1,1.8,8.9,0.198,5.0,0.7,5.8,4.2,18696918,19677121
Dwight Buycks,PG,28,DET,29,427,12.8,0.498,0.227,0.207,3.0,7.7,5.3,22.4,2.2,0.4,15.3,26.4,-0.2,0.4,0.2,0.027,-2.3,-0.7,-3.1,-0.1,748160,787383
Jose Calderon,PG,36,CLE,57,914,11.3,0.643,0.524,0.162,1.7,8.5,5.2,17.4,1.4,0.2,17.1,11.6,1.5,0.3,1.8,0.095,-1.4,-0.5,-1.9,0.0,2328652,2450733
Kentavious Caldwell-Pope,SG,24,LAL,74,2458,13.2,0.561,0.52,0.243,2.6,14.1,8.4,9.4,2.1,0.5,9.9,16.9,2.6,2.7,5.3,0.103,-0.4,0.6,0.3,1.4,17745894,18676239
Clint Capela,C,23,HOU,74,2034,24.5,0.65,0.001,0.38,13.5,30.8,22.2,5.7,1.4,5.7,11.5,19.4,6.2,4.1,10.2,0.242,2.4,1.0,3.4,2.8,2334528,2456917
DeMarre Carroll,PF,31,BRK,73,2180,14.3,0.55,0.498,0.313,5.1,18.4,11.7,10.5,1.3,1.0,10.3,19.8,2.3,1.8,4.1,0.091,0.5,-0.4,0.2,1.2,14800000,15575904
Vince Carter,SF,41,SAC,58,1026,10.8,0.523,0.583,0.131,1.9,15.1,8.2,9.7,2.1,2.4,10.7,14.7,0.3,0.9,1.2,0.056,-1.9,0.7,-1.2,0.2,8000000,8419407
Michael Carter-Williams,PG,26,CHO,52,835,10.8,0.446,0.258,0.389,4.7,13.3,8.9,19.4,2.6,2.3,16.2,16.6,-0.2,1.1,0.9,0.05,-3.3,1.8,-1.5,0.1,2700000,2841550
Alex Caruso,PG,23,LAL,37,562,8.7,0.519,0.371,0.259,2.9,9.4,6.2,17.8,2.0,1.4,24.5,12.9,-0.1,0.6,0.5,0.041,-3.8,0.9,-2.9,-0.1,77250,81299
Omri Casspi,SF,29,GSW,53,740,15.5,0.632,0.106,0.333,4.9,24.0,15.1,9.5,1.2,2.0,13.5,16.3,1.2,1.0,2.2,0.141,-0.9,0.0,-0.9,0.2,2106470,2216903
Willie Cauley-Stein,C,24,SAC,73,2044,17.6,0.529,0.016,0.32,7.0,22.0,14.2,13.7,1.9,3.1,11.0,21.8,1.7,2.2,3.9,0.092,-0.4,0.3,-0.1,1.0,3704160,3898354
Tyler Cavanaugh,PF,23,ATL,39,518,13.0,0.567,0.586,0.138,9.7,17.7,13.7,7.8,0.8,0.7,8.0,14.8,0.9,0.3,1.2,0.109,-0.4,-1.5,-1.9,0.0,77250,81299
Mario Chalmers,PG,31,MEM,66,1421,10.4,0.503,0.431,0.312,1.0,12.0,6.4,21.5,2.8,0.9,18.8,19.6,-0.6,1.3,0.6,0.021,-3.7,0.5,-3.2,-0.4,2106407,2216837
Tyson Chandler,C,35,PHO,46,1151,14.2,0.658,0.0,0.497,12.2,26.8,19.4,6.6,0.7,1.9,20.6,10.6,1.9,0.8,2.7,0.111,-0.8,-0.6,-1.4,0.2,13000000,13681537
Wilson Chandler,SF,30,DEN,74,2346,10.9,0.542,0.39,0.181,4.9,14.1,9.6,9.4,0.9,1.4,11.9,14.3,2.1,1.2,3.3,0.067,-1.0,-1.1,-2.1,-0.1,12016854,12646849
Marquese Chriss,PF,20,PHO,72,1527,11.1,0.509,0.398,0.331,5.2,22.7,13.8,8.1,1.6,3.7,16.4,18.1,-0.8,1.5,0.7,0.023,-3.2,0.4,-2.8,-0.3,3073800,3234946
Ian Clark,SG,26,NOP,74,1455,9.4,0.529,0.394,0.119,0.8,8.4,4.7,10.4,1.1,0.5,9.9,17.2,0.3,0.8,1.1,0.037,-2.7,-0.8,-3.5,-0.6,1577230,1659917
John Collins,PF,20,ATL,74,1785,18.3,0.62,0.086,0.341,11.0,22.8,16.9,8.9,1.3,3.8,14.3,17.9,3.4,2.0,5.4,0.145,-0.4,0.2,-0.2,0.8,1936920,2038464
Zach Collins,C,20,POR,66,1045,7.5,0.475,0.391,0.145,4.7,18.2,11.5,7.1,0.8,2.4,15.9,15.4,-0.7,1.3,0.6,0.03,-4.5,0.2,-4.3,-0.6,3057240,3217518
Kyle Collinsworth,SF,26,DAL,32,480,10.0,0.433,0.172,0.404,7.2,18.0,12.4,16.4,1.8,1.7,17.1,13.3,-0.1,0.5,0.5,0.046,-3.6,0.9,-2.6,-0.1,595702,626932
Darren Collison,PG,30,IND,69,2018,18.8,0.61,0.321,0.226,2.1,7.8,5.0,26.4,2.3,0.7,10.9,17.4,5.8,1.8,7.6,0.181,2.4,0.3,2.7,2.4,10000000,10524259
Mike Conley,PG,30,MEM,12,373,15.4,0.52,0.458,0.393,0.0,8.6,4.2,22.2,1.6,0.8,8.4,25.9,0.4,0.2,0.6,0.077,1.3,-0.8,0.5,0.2,28530608,30026352
Pat Connaughton,SG,25,POR,82,1488,9.3,0.539,0.538,0.113,2.7,9.1,5.9,8.7,0.8,1.2,9.5,13.4,1.2,1.3,2.5,0.08,-1.7,-0.1,-1.8,0.1,1471382,1548520
Quinn Cook,PG,24,GSW,33,740,12.8,0.593,0.413,0.099,1.6,10.2,6.2,16.6,0.8,0.1,10.8,17.5,1.1,0.4,1.6,0.101,-0.1,-1.5,-1.6,0.1,189832,199783
DeMarcus Cousins,C,27,NOP,48,1737,22.6,0.583,0.34,0.456,6.8,30.9,19.2,23.0,2.2,3.5,18.9,31.9,1.5,3.2,4.7,0.13,2.5,2.2,4.7,2.9,18063850,19010864
Robert Covington,SF,27,PHI,80,2532,12.9,0.563,0.658,0.163,2.4,15.5,9.2,8.7,2.6,2.4,12.3,17.2,1.6,4.5,6.1,0.116,-0.2,1.7,1.5,2.3,16698103,17573517
Allen Crabbe,SG,25,BRK,75,2197,12.3,0.558,0.643,0.163,1.3,14.4,7.8,8.4,1.0,1.2,8.1,19.0,1.8,1.4,3.2,0.07,0.0,-0.7,-0.7,0.7,18500000,19469880
Torrey Craig,SF,27,DEN,39,629,9.8,0.535,0.423,0.255,7.2,15.5,11.4,5.4,0.9,2.0,11.6,11.9,0.5,0.4,0.9,0.069,-2.2,-0.7,-2.9,-0.1,77250,81299
Jamal Crawford,SG,37,MIN,80,1653,13.0,0.519,0.423,0.152,1.4,5.5,3.5,16.9,1.2,0.5,10.7,23.7,0.9,0.3,1.3,0.037,0.1,-2.5,-2.3,-0.1,15270762,16071345
Stephen Curry,PG,29,GSW,51,1631,28.2,0.675,0.58,0.35,2.7,14.4,9.0,30.3,2.4,0.4,13.3,31.0,7.2,1.9,9.1,0.267,7.8,0.0,7.7,4.0,34682550,36500815
Troy Daniels,SG,26,PHO,79,1622,9.8,0.583,0.797,0.111,0.8,7.7,4.2,4.5,0.8,0.2,8.5,17.2,1.4,0.0,1.4,0.042,-0.5,-2.1,-2.6,-0.3,3408520,3587214
Anthony Davis,PF,24,NOP,75,2727,28.9,0.612,0.111,0.409,7.7,24.8,16.5,10.8,2.0,5.6,8.6,30.0,8.8,4.9,13.7,0.241,5.3,1.4,6.7,5.9,23775506,25021959
Deyonta Davis,C,21,MEM,62,943,16.6,0.621,0.0,0.215,9.0,22.0,15.3,7.1,0.8,3.9,9.9,15.3,1.9,0.8,2.7,0.138,-0.9,-0.6,-1.5,0.1,1312611,1381425
Ed Davis,C,28,POR,78,1471,15.5,0.607,0.003,0.38,13.7,28.8,21.3,3.9,1.1,2.9,16.2,12.1,2.5,2.5,5.0,0.164,-1.2,0.6,-0.6,0.5,6352531,6685568
Dewayne Dedmon,C,28,ATL,62,1542,15.8,0.599,0.296,0.18,7.2,28.1,17.7,9.2,1.3,2.8,14.3,17.0,1.8,1.9,3.7,0.114,-0.4,0.5,0.1,0.8,6900000,7261739
Sam Dekker,PF,23,LAC,73,883,11.5,0.534,0.232,0.216,5.6,16.0,10.8,6.2,1.3,0.9,10.4,15.5,0.6,0.6,1.2,0.066,-2.3,-0.6,-2.9,-0.2,1794600,1888683
Malcolm Delaney,PG,28,ATL,54,1014,10.6,0.519,0.435,0.323,1.0,10.0,5.5,23.4,1.7,0.5,16.9,16.9,0.4,0.6,1.0,0.047,-2.2,-0.4,-2.6,-0.1,2500000,2631064
Matthew Dellavedova,PG,27,MIL,38,712,8.6,0.5,0.513,0.178,2.3,8.2,5.3,27.4,1.0,0.0,23.0,13.5,0.3,0.2,0.5,0.032,-2.4,-2.0,-4.4,-0.4,9607500,10111182
DeMar DeRozan,SG,28,TOR,80,2711,21.0,0.555,0.203,0.396,2.5,10.4,6.5,25.0,1.5,0.6,9.5,29.6,6.8,2.8,9.6,0.17,3.3,-0.6,2.8,3.2,27739975,29194269
Cheick Diallo,PF,21,NOP,52,581,17.0,0.619,0.0,0.375,9.1,29.6,19.7,4.7,0.9,2.9,12.0,17.4,1.1,0.8,1.9,0.157,-1.3,0.1,-1.2,0.1,1312611,1381425
Gorgui Dieng,C,28,MIN,79,1333,14.7,0.543,0.157,0.263,9.1,22.2,15.6,7.5,1.7,2.6,12.0,16.3,1.6,1.4,2.9,0.105,-0.9,-0.1,-1.0,0.3,14112360,14852213
Spencer Dinwiddie,PG,24,BRK,80,2306,15.9,0.527,0.517,0.32,1.8,10.2,6.0,35.0,1.4,0.7,11.8,20.3,4.3,1.4,5.7,0.118,1.3,-0.7,0.6,1.5,1524305,1604218
Tyler Dorsey,SG,21,ATL,56,974,10.0,0.494,0.521,0.165,1.9,12.9,7.4,12.5,0.9,0.4,8.3,20.0,0.0,0.4,0.4,0.02,-1.4,-1.5,-2.9,-0.2,815615,858374
Damyean Dotson,SG,23,NYK,44,474,11.6,0.532,0.422,0.143,2.1,17.5,9.8,9.5,1.3,0.4,9.0,17.3,0.3,0.3,0.6,0.06,-1.6,-0.6,-2.3,0.0,1100000,1157668
Goran Dragic,PG,31,MIA,75,2378,16.6,0.543,0.279,0.252,2.5,11.9,7.2,25.4,1.3,0.4,12.2,25.7,2.9,2.3,5.3,0.106,0.9,-0.6,0.3,1.4,17000450,17891714
Andre Drummond,C,24,DET,78,2625,22.9,0.555,0.012,0.448,16.4,36.4,26.2,14.3,2.2,4.3,15.9,21.2,4.6,5.7,10.3,0.189,1.5,1.7,3.2,3.4,23775506,25021959
Jared Dudley,PF,32,PHO,48,686,8.8,0.553,0.656,0.287,1.2,13.6,7.3,15.6,1.7,1.3,16.9,10.2,0.5,0.4,0.8,0.058,-3.0,0.5,-2.5,-0.1,10000000,10524259
Kris Dunn,PG,23,CHI,52,1525,14.5,0.488,0.201,0.171,1.6,14.4,7.8,33.3,3.3,1.6,17.3,24.7,-1.0,1.9,0.9,0.027,-2.4,1.1,-1.3,0.3,4046760,4258915
Kevin Durant,SF,29,GSW,68,2325,26.0,0.64,0.338,0.331,1.6,19.5,11.2,25.5,1.0,4.0,12.9,30.4,7.5,2.9,10.4,0.215,6.7,0.6,7.3,5.5,25000000,26310648
Henry Ellenson,PF,21,DET,38,329,10.5,0.476,0.411,0.199,3.3,24.3,13.6,9.4,0.8,0.0,10.2,23.8,-0.2,0.4,0.1,0.02,-2.6,-1.9,-4.4,-0.2,1780800,1874160
Wayne Ellington,SG,30,MIA,77,2041,12.5,0.588,0.827,0.111,1.3,10.7,6.0,5.9,1.3,0.3,6.6,17.3,2.6,1.9,4.5,0.105,1.0,-0.6,0.4,1.2,6270000,6598710
Joel Embiid,C,23,PHI,63,1912,22.9,0.573,0.203,0.442,8.4,29.7,19.4,18.0,1.0,4.8,15.6,33.4,2.3,3.8,6.2,0.155,2.0,1.3,3.3,2.6,6100266,6420078
Tyler Ennis,PG,23,LAL,54,683,11.1,0.473,0.25,0.129,3.0,11.8,7.4,21.9,2.1,1.2,13.8,17.1,0.1,0.7,0.8,0.058,-3.0,0.9,-2.1,0.0,1524305,1604218
Jawun Evans,PG,21,LAC,48,778,7.2,0.421,0.213,0.194,1.3,10.4,5.9,17.8,2.3,0.6,13.8,17.7,-0.8,0.6,-0.2,-0.011,-5.4,0.4,-5.0,-0.6,815615,858374
Tyreke Evans,PG,28,MEM,52,1607,21.1,0.561,0.354,0.258,3.1,16.3,9.5,31.2,1.8,1.0,11.5,28.4,3.1,1.2,4.2,0.126,4.9,-0.5,4.5,2.6,3290000,3462481
Dante Exum,PG,22,UTA,14,235,16.7,0.566,0.207,0.356,2.0,10.5,6.3,29.7,1.7,1.1,16.6,23.1,0.3,0.3,0.7,0.133,-0.3,0.4,0.1,0.1,4992385,5254115
Kenneth Faried,PF,28,DEN,32,461,17.4,0.552,0.007,0.345,16.7,20.7,18.7,5.8,1.3,2.4,11.9,18.3,0.9,0.4,1.3,0.132,-0.3,-1.7,-2.1,0.0,12921348,13598762
Derrick Favors,C,26,UTA,77,2153,18.8,0.593,0.09,0.306,10.6,18.5,14.6,7.8,1.3,3.2,9.9,18.5,4.5,3.5,8.0,0.179,0.9,0.7,1.5,1.9,12000000,12629111
Cristiano Felicio,C,25,CHI,55,977,12.5,0.614,0.009,0.377,8.8,17.1,12.8,8.4,0.8,1.0,17.7,13.6,1.2,0.5,1.7,0.086,-2.8,-1.1,-3.9,-0.5,7843500,8254702
Raymond Felton,PG,33,OKC,82,1365,13.0,0.494,0.417,0.08,2.0,11.0,6.3,22.5,1.8,1.1,11.7,20.4,0.9,1.3,2.2,0.078,-0.3,-0.3,-0.6,0.5,2328652,2450733
Terrance Ferguson,SG,19,OKC,61,763,7.4,0.545,0.71,0.059,2.7,4.2,3.4,3.4,1.6,1.2,6.0,10.4,0.7,0.5,1.2,0.077,-3.2,-0.1,-3.3,-0.3,1785000,1878580
Yogi Ferrell,SG,24,DAL,82,2282,11.4,0.54,0.492,0.141,1.2,11.2,6.1,13.5,1.4,0.4,9.1,17.0,1.5,1.5,3.0,0.064,-1.3,0.0,-1.4,0.4,1312611,1381425
Dorian Finney-Smith,PF,24,DAL,21,448,7.6,0.482,0.554,0.124,5.3,13.6,9.3,8.4,1.1,0.8,14.1,15.1,-0.2,0.3,0.1,0.015,-3.8,-0.8,-4.6,-0.3,1312611,1381425
Bryn Forbes,SG,24,SAS,80,1517,9.1,0.525,0.459,0.145,0.9,7.2,4.0,7.8,0.9,0.1,6.5,16.7,0.8,1.3,2.1,0.067,-2.5,-0.6,-3.1,-0.4,1312611,1381425
Evan Fournier,SF,25,ORL,57,1837,15.5,0.577,0.418,0.216,1.4,9.5,5.4,14.8,1.3,0.7,9.8,23.3,2.4,0.9,3.3,0.087,0.8,-1.4,-0.6,0.7,17000000,17891241
De'Aaron Fox,PG,20,SAC,73,2026,11.2,0.478,0.192,0.245,1.8,10.0,5.7,24.6,1.7,0.9,16.4,23.4,-1.7,1.1,-0.6,-0.014,-2.7,-1.5,-4.2,-1.1,4609200,4850841
Tim Frazier,PG,27,WAS,59,838,11.3,0.475,0.326,0.174,2.4,13.1,7.8,31.1,2.8,0.7,23.5,12.8,0.4,1.0,1.4,0.08,-2.8,1.8,-0.9,0.2,2000000,2104851
Markelle Fultz,SG,19,PHI,14,253,12.4,0.416,0.009,0.189,4.9,13.1,9.2,31.3,2.3,1.3,12.4,23.1,-0.2,0.4,0.2,0.043,-3.3,0.7,-2.6,0.0,7026240,7394597
Danilo Gallinari,SF,29,LAC,21,671,13.8,0.545,0.434,0.34,1.5,14.9,8.3,8.9,0.9,1.2,8.1,20.6,0.8,0.4,1.2,0.088,0.4,-0.9,-0.5,0.3,20559599,21637455
Langston Galloway,SG,26,DET,58,863,12.2,0.503,0.641,0.121,1.6,10.3,5.9,10.1,2.0,0.5,4.8,19.3,0.5,0.9,1.4,0.08,-0.2,0.2,0.1,0.5,6666667,7016173
Marc Gasol,C,33,MEM,73,2408,17.4,0.532,0.31,0.326,3.7,25.3,14.2,21.7,1.1,3.9,14.1,25.6,1.5,2.6,4.0,0.08,1.7,0.6,2.3,2.7,22642350,23829396
Pau Gasol,C,37,SAS,77,1812,18.9,0.539,0.191,0.333,7.8,30.2,19.0,20.1,0.7,3.6,13.1,20.4,2.7,3.3,6.0,0.159,1.5,1.9,3.4,2.5,16000000,16838815
Rudy Gay,PF,31,SAS,57,1231,18.0,0.545,0.22,0.27,6.8,19.5,13.1,9.8,1.9,2.6,11.5,24.6,1.0,2.1,3.1,0.122,0.2,0.6,0.8,0.9,8406000,8846692
Paul George,SF,27,OKC,79,2891,18.7,0.57,0.454,0.307,2.7,14.9,8.6,14.5,2.8,1.2,12.2,25.7,5.0,3.9,8.9,0.147,2.3,0.6,2.9,3.6,19300000,20311820
Marcus Georges-Hunt,SG,23,MIN,42,224,6.9,0.515,0.313,0.438,3.6,4.7,4.1,4.1,1.3,0.0,5.0,11.9,0.2,0.0,0.2,0.049,-4.3,-0.9,-5.1,-0.2,1312611,1381425
Taj Gibson,PF,32,MIN,82,2726,15.4,0.61,0.047,0.251,8.1,16.7,12.4,5.2,1.1,1.9,9.8,14.7,5.4,1.7,7.2,0.126,0.1,-0.7,-0.5,1.0,14000000,14733963
Manu Ginobili,SG,40,SAS,65,1299,12.9,0.553,0.415,0.283,1.6,10.6,6.1,19.1,1.7,1.0,16.8,21.5,0.6,1.6,2.2,0.082,-1.5,0.2,-1.3,0.2,2500000,2631064
Rudy Gobert,C,25,UTA,56,1816,20.7,0.657,0.0,0.673,10.4,27.0,18.8,6.9,1.2,6.0,15.7,16.9,4.2,3.9,8.1,0.214,0.9,2.5,3.4,2.5,21224719,22337445
Aaron Gordon,PF,22,ORL,58,1909,16.5,0.53,0.395,0.26,5.0,21.5,13.2,11.7,1.5,1.9,10.0,24.7,0.9,2.0,2.9,0.072,0.9,-0.6,0.3,1.1,5504419,5792993
Eric Gordon,SG,29,HOU,69,2154,15.2,0.578,0.627,0.248,1.3,7.5,4.4,11.7,1.0,1.1,10.8,24.7,2.9,1.8,4.7,0.105,2.0,-1.6,0.4,1.3,12943020,13621570
Marcin Gortat,C,33,WAS,82,2075,14.7,0.546,0.0,0.291,9.9,24.0,17.0,10.6,1.0,2.6,13.5,15.5,2.4,2.4,4.9,0.113,-0.8,0.3,-0.6,0.8,12782609,13452749
Treveon Graham,SG,24,CHO,63,1050,9.0,0.553,0.439,0.267,4.3,8.3,6.2,7.8,1.5,0.2,9.9,11.3,1.1,0.7,1.8,0.08,-2.8,0.1,-2.7,-0.2,1312611,1381425
Jerami Grant,PF,23,OKC,81,1647,16.2,0.607,0.241,0.526,5.6,16.3,10.7,5.1,0.9,4.2,8.8,16.0,3.5,1.9,5.4,0.156,0.0,0.3,0.3,1.0,1524305,1604218
Jerian Grant,PG,25,CHI,74,1686,14.3,0.528,0.372,0.374,1.9,9.3,5.5,30.1,1.8,0.4,13.2,17.4,2.3,1.0,3.3,0.094,-0.9,-0.5,-1.3,0.3,1713840,1803689
Danny Green,SG,30,SAS,70,1791,11.4,0.509,0.57,0.116,2.5,13.0,7.7,8.9,1.8,3.7,11.2,16.6,0.1,2.9,2.9,0.078,-1.0,1.4,0.4,1.1,10000000,10524259
Draymond Green,PF,27,GSW,70,2287,16.1,0.556,0.414,0.279,3.9,21.1,13.1,29.0,2.0,3.1,22.5,17.2,2.6,3.4,6.1,0.127,0.9,1.9,2.8,2.8,16400000,17259785
Gerald Green,SG,32,HOU,41,929,14.1,0.566,0.722,0.145,1.8,14.2,8.1,4.3,1.3,1.4,6.6,22.4,1.0,1.0,2.1,0.107,1.0,-0.8,0.3,0.5,1381403,1453824
JaMychal Green,PF,27,MEM,55,1542,14.0,0.53,0.26,0.227,10.8,24.4,17.4,8.3,1.0,1.5,12.4,17.8,1.3,1.3,2.6,0.079,-0.8,-1.5,-2.3,-0.1,8533333,8980701
Jeff Green,PF,31,CLE,78,1828,14.8,0.587,0.275,0.379,3.7,11.2,7.6,8.0,1.1,1.6,9.4,19.3,3.1,0.8,3.9,0.103,-0.3,-1.5,-1.8,0.1,2116955,2227938
James Harden,SG,28,HOU,72,2551,29.8,0.619,0.498,0.502,1.8,15.2,8.6,45.1,2.4,1.7,15.1,36.1,11.6,3.8,15.4,0.289,8.5,1.4,9.9,7.7,28299399,29783022
Montrezl Harrell,C,24,LAC,76,1293,24.7,0.647,0.013,0.405,8.9,17.0,13.0,10.1,1.4,3.4,9.5,23.8,4.3,1.3,5.5,0.205,3.1,0.2,3.3,1.7,1471382,1548520
Gary Harris,SG,23,DEN,67,2304,16.5,0.597,0.434,0.178,1.8,6.8,4.3,13.0,2.6,0.5,10.8,20.7,3.9,1.5,5.5,0.114,1.0,-0.2,0.8,1.7,2550055,2683744
Joe Harris,SG,26,BRK,78,1975,13.3,0.634,0.576,0.167,2.7,11.3,7.0,10.2,0.9,0.8,12.0,16.6,3.0,0.9,4.0,0.097,0.7,-0.6,0.1,1.0,1524305,1604218
Aaron Harrison,SG,23,DAL,9,233,5.1,0.392,0.623,0.246,1.8,9.9,5.7,6.7,1.9,0.8,3.8,15.5,-0.3,0.2,-0.1,-0.014,-6.8,-0.6,-7.5,-0.3,174570,183721
Andrew Harrison,PG,23,MEM,56,1326,12.7,0.534,0.331,0.371,2.0,9.7,5.7,21.3,1.4,1.8,14.0,19.6,1.0,0.7,1.7,0.062,-1.0,-0.5,-1.5,0.2,1312611,1381425
Shaquille Harrison,PG,24,PHO,23,384,15.6,0.54,0.21,0.306,2.5,14.7,8.5,22.2,3.2,1.5,13.5,18.0,0.4,0.4,0.8,0.094,-2.3,1.7,-0.7,0.1,230399,242477
Josh Hart,SG,22,LAL,63,1461,12.2,0.596,0.525,0.251,3.1,16.0,9.6,7.6,1.5,0.9,10.1,13.5,1.9,1.5,3.4,0.111,-0.6,0.5,-0.1,0.7,1394520,1467629
Myke Henry,SF,25,MEM,20,378,9.7,0.472,0.532,0.092,3.0,8.8,5.8,8.9,4.1,1.5,14.4,15.7,-0.3,0.4,0.1,0.017,-3.1,1.8,-1.3,0.1,77250,81299
John Henson,C,27,MIL,76,1970,15.7,0.582,0.014,0.315,9.0,21.5,15.3,8.6,1.1,4.7,12.8,15.0,2.8,2.2,4.9,0.12,-1.0,0.1,-0.9,0.5,11422536,12021373
Juan Hernangomez,PF,22,DEN,25,277,9.7,0.511,0.667,0.16,7.4,14.6,11.0,5.9,1.1,0.9,10.1,14.0,0.2,0.1,0.4,0.061,-1.6,-1.7,-3.3,-0.1,2076840,2185720
Mario Hezonja,SF,22,ORL,75,1657,13.7,0.544,0.433,0.17,2.7,16.1,9.3,10.0,2.4,1.5,11.5,19.9,0.5,1.8,2.3,0.066,-0.9,0.4,-0.5,0.6,4078320,4292129
Isaiah Hicks,PF,23,NYK,18,240,6.8,0.501,0.125,0.25,4.6,14.3,9.5,9.5,0.4,1.4,16.7,17.4,-0.1,0.1,0.0,-0.003,-6.4,-1.2,-7.6,-0.3,77250,81299
Buddy Hield,SG,25,SAC,80,2024,16.1,0.557,0.437,0.087,3.0,14.8,8.6,12.8,2.1,1.0,11.3,24.3,1.3,1.5,2.8,0.067,1.6,-0.5,1.0,1.5,3675480,3868170
Jrue Holiday,SG,27,NOP,81,2927,17.8,0.57,0.286,0.191,2.4,10.8,6.8,24.9,2.0,1.7,13.6,23.1,4.2,2.9,7.1,0.116,1.3,0.3,1.6,2.7,25686667,27033315
Justin Holiday,SG,28,CHI,72,2265,10.8,0.513,0.574,0.21,1.4,12.8,6.9,10.1,1.7,1.2,9.8,18.2,0.1,1.6,1.7,0.036,-1.6,-0.3,-1.9,0.0,4500000,4735916
Rondae Hollis-Jefferson,SF,23,BRK,68,1920,16.9,0.548,0.075,0.436,5.5,20.0,12.7,14.2,1.6,1.9,12.3,22.2,2.1,2.0,4.1,0.103,-0.3,0.4,0.1,1.0,1455720,1532037
Richaun Holmes,C,24,PHI,48,746,17.4,0.585,0.129,0.232,8.6,21.4,15.2,12.3,1.3,3.2,8.6,16.6,1.6,1.3,2.8,0.183,-0.3,1.4,1.1,0.6,1471382,1548520
Al Horford,C,31,BOS,72,2277,17.6,0.575,0.3,0.159,5.0,20.2,12.7,23.6,0.9,2.9,14.1,18.4,4.0,3.8,7.8,0.165,2.4,2.0,4.4,3.7,27734405,29188407
Danuel House,SG,24,PHO,23,403,12.4,0.533,0.45,0.24,3.4,17.0,10.1,9.4,0.8,1.2,7.2,16.2,0.4,0.1,0.6,0.066,-0.8,-0.8,-1.6,0.0,77250,81299
Dwight Howard,C,32,CHO,81,2463,20.5,0.577,0.008,0.639,11.0,33.8,22.2,7.1,1.0,4.4,15.1,24.2,2.9,3.9,6.8,0.132,-0.3,0.1,-0.1,1.2,23500000,24732009
Josh Huestis,PF,26,OKC,69,982,5.4,0.417,0.632,0.11,4.6,13.9,9.1,2.7,0.8,4.0,12.0,9.5,-0.5,1.0,0.5,0.024,-3.9,0.0,-3.9,-0.5,1471382,1548520
Serge Ibaka,PF,28,TOR,76,2093,14.7,0.574,0.379,0.151,4.3,21.0,12.8,4.4,0.7,3.8,9.7,19.4,2.1,3.0,5.1,0.117,-0.1,0.0,-0.1,1.0,20061729,21113484
Andre Iguodala,SF,34,GSW,64,1622,11.2,0.536,0.366,0.272,3.7,12.6,8.5,16.2,1.6,1.9,15.8,11.5,1.6,1.6,3.2,0.094,-1.1,0.8,-0.3,0.7,14814815,15591495
Joe Ingles,SF,30,UTA,82,2578,14.4,0.623,0.646,0.116,1.1,13.9,7.6,22.9,1.8,0.7,17.4,15.9,4.0,3.6,7.6,0.141,1.0,1.3,2.3,2.8,13636364,14351263
Brandon Ingram,SF,20,LAL,59,1975,13.8,0.536,0.138,0.371,3.1,13.8,8.5,17.7,1.1,1.8,14.4,22.2,1.0,1.8,2.8,0.068,-0.9,-0.3,-1.2,0.4,5519400,5808759
Kyrie Irving,PG,25,BOS,60,1931,25.0,0.61,0.374,0.24,1.9,10.8,6.4,30.7,1.7,0.7,10.4,31.0,6.3,2.7,8.9,0.222,6.4,0.9,7.3,4.5,18868626,19857831
Jonathan Isaac,PF,20,ORL,27,536,9.8,0.465,0.317,0.172,3.3,17.2,10.2,4.8,3.0,4.5,14.8,15.0,-0.6,0.8,0.2,0.021,-3.8,2.4,-1.4,0.1,4186320,4405791
Wesley Iwundu,SF,23,ORL,62,1020,7.8,0.48,0.211,0.216,3.9,11.0,7.4,7.8,1.6,0.9,11.2,11.6,0.0,0.7,0.7,0.032,-4.2,-0.1,-4.3,-0.6,1050000,1105047
Jarrett Jack,PG,34,NYK,62,1548,11.5,0.489,0.194,0.169,1.6,12.1,6.8,31.3,1.1,0.2,19.5,16.7,0.5,0.7,1.2,0.036,-1.6,-1.3,-2.8,-0.3,2328652,2450733
Josh Jackson,SF,20,PHO,77,1959,11.8,0.48,0.233,0.299,5.1,14.2,9.6,10.1,2.0,1.4,12.2,26.0,-2.0,1.2,-0.7,-0.018,-2.8,-1.4,-4.2,-1.1,5090040,5356890
Justin Jackson,SF,22,SAC,68,1506,9.2,0.521,0.442,0.086,2.0,12.6,7.1,7.2,0.9,0.8,8.4,14.2,0.4,0.5,1.0,0.031,-2.4,-1.1,-3.5,-0.6,2365560,2489576
Reggie Jackson,PG,27,DET,45,1201,15.9,0.516,0.293,0.232,2.6,9.0,5.7,32.8,1.1,0.3,13.5,27.1,1.1,0.9,2.0,0.078,1.0,-1.4,-0.4,0.5,16000000,16838815
LeBron James,PF,33,CLE,82,3026,28.6,0.621,0.257,0.336,3.7,22.3,13.1,44.4,1.9,2.0,16.1,31.6,11.0,3.0,14.0,0.221,7.3,1.4,8.7,8.2,33285709,35030744
Al Jefferson,C,33,IND,36,484,20.2,0.563,0.014,0.173,7.0,26.2,16.7,10.0,1.7,4.2,8.6,22.5,0.8,0.8,1.6,0.158,0.6,1.5,2.0,0.5,9769821,10282013
Brandon Jennings,PG,28,MIL,14,205,12.7,0.478,0.458,0.139,2.9,14.8,8.9,31.1,1.5,1.7,19.1,20.8,0.0,0.1,0.1,0.026,-1.2,-2.2,-3.4,-0.1,380830,400795
Jonas Jerebko,PF,30,UTA,74,1134,13.2,0.586,0.46,0.167,5.4,19.1,12.3,5.7,1.1,0.9,6.9,15.6,1.8,1.6,3.4,0.144,-0.4,0.4,0.1,0.6,4000000,4209703
Amir Johnson,C,30,PHI,74,1171,14.9,0.575,0.123,0.327,11.8,18.3,15.2,13.9,1.8,3.1,15.6,12.8,2.1,2.0,4.1,0.169,-1.2,2.2,1.0,0.9,11000000,11576685
James Johnson,PF,30,MIA,73,1943,15.8,0.575,0.301,0.264,3.5,17.2,10.3,22.5,1.8,2.2,17.1,19.1,2.2,2.8,5.0,0.123,0.0,1.6,1.6,1.7,13734000,14454018
Stanley Johnson,SF,21,DET,69,1894,9.0,0.48,0.418,0.259,1.9,13.0,7.3,8.5,2.5,0.7,11.0,16.4,-0.6,2.4,1.8,0.046,-4.0,1.1,-2.9,-0.4,3097800,3260205
Tyler Johnson,PG,25,MIA,72,2052,13.0,0.549,0.456,0.181,1.9,11.7,6.8,12.4,1.5,1.4,9.5,18.6,1.9,2.3,4.2,0.097,-0.5,0.2,-0.3,0.9,5821260,6126445
Wesley Johnson,SF,30,LAC,74,1486,9.8,0.512,0.481,0.158,2.2,13.6,8.0,5.6,2.5,3.5,12.3,13.0,-0.1,1.7,1.7,0.055,-2.5,1.7,-0.7,0.5,5881260,6189590
Nikola Jokic,C,22,DEN,75,2443,24.4,0.603,0.277,0.31,9.0,27.9,18.5,29.6,1.8,2.1,15.5,24.2,7.8,2.9,10.7,0.211,5.3,1.6,6.9,5.5,1471382,1548520
Tyus Jones,PG,21,MIN,82,1467,14.1,0.572,0.393,0.247,1.2,9.2,5.2,21.2,3.2,0.4,14.0,12.7,2.3,1.2,3.6,0.117,-0.8,1.7,0.8,1.1,1471382,1548520
DeAndre Jordan,C,29,LAC,77,2424,20.2,0.648,0.0,0.54,15.1,37.6,26.5,7.1,0.8,2.4,16.1,15.2,6.0,3.4,9.4,0.186,1.7,-0.3,1.4,2.1,22642350,23829396
Cory Joseph,PG,26,IND,82,2210,11.0,0.503,0.315,0.156,2.0,11.4,6.7,16.1,1.8,0.7,11.9,14.8,1.2,2.0,3.1,0.068,-1.8,0.3,-1.5,0.3,7630000,8030010
Frank Kaminsky,PF,24,CHO,79,1835,14.4,0.545,0.383,0.271,2.7,14.5,8.5,11.0,1.0,0.9,7.6,20.5,2.3,1.3,3.6,0.094,0.6,-0.8,-0.2,0.8,2847600,2996888
Enes Kanter,C,25,NYK,71,1830,24.0,0.63,0.003,0.258,16.6,30.6,23.6,9.4,1.0,1.7,13.3,21.8,5.5,2.1,7.6,0.198,3.3,-1.1,2.2,1.9,17884176,18821771
Luke Kennard,SG,21,DET,73,1463,12.1,0.56,0.419,0.163,1.6,11.9,6.6,12.7,1.5,0.8,12.2,17.2,1.1,1.4,2.6,0.085,-0.9,0.1,-0.8,0.5,2759280,2903937
Michael Kidd-Gilchrist,SF,24,CHO,74,1850,12.5,0.536,0.004,0.305,4.8,13.0,8.8,5.9,1.3,1.4,7.7,16.1,1.7,1.6,3.3,0.084,-2.1,0.0,-2.1,-0.1,13000000,13681537
Maxi Kleber,PF,26,DAL,72,1206,13.4,0.576,0.414,0.191,6.3,15.6,10.8,6.4,1.1,3.5,8.2,13.7,1.6,1.2,2.8,0.113,-1.0,0.5,-0.5,0.5,815615,858374
Luke Kornet,PF,22,NYK,20,326,13.6,0.516,0.632,0.088,3.8,18.0,10.9,11.6,0.9,4.2,8.5,19.0,0.2,0.3,0.5,0.077,0.4,-0.2,0.2,0.2,77250,81299
Kyle Korver,SG,36,CLE,73,1574,13.4,0.652,0.777,0.149,0.7,10.9,5.9,8.0,1.0,1.5,9.6,16.0,2.8,0.6,3.4,0.104,1.5,-1.2,0.2,0.9,7000000,7366981
Kosta Koufos,C,28,SAC,71,1391,17.5,0.566,0.0,0.19,11.7,27.6,19.3,9.7,1.7,2.2,10.4,15.2,2.3,1.5,3.9,0.134,-0.2,-0.2,-0.4,0.6,8393000,8833011
Kyle Kuzma,PF,22,LAL,77,2401,14.2,0.549,0.418,0.2,3.9,17.4,10.7,9.1,1.0,1.1,11.0,22.5,1.5,2.3,3.8,0.077,0.3,-1.0,-0.7,0.8,1423560,1498191
Skal Labissiere,PF,21,SAC,60,1240,14.3,0.513,0.111,0.258,8.7,18.1,13.2,9.1,1.0,3.7,12.5,21.1,0.4,1.0,1.4,0.054,-1.9,-0.8,-2.7,-0.2,1312611,1381425
Jeremy Lamb,SG,25,CHO,80,1967,17.0,0.559,0.305,0.25,2.7,15.4,8.9,15.4,1.5,1.4,9.1,22.4,3.0,1.9,4.9,0.12,1.3,0.2,1.6,1.8,7000000,7366981
Shane Larkin,PG,25,BOS,54,775,10.3,0.491,0.393,0.169,2.1,10.7,6.5,18.5,1.9,0.2,12.3,15.5,0.3,1.1,1.4,0.087,-2.8,1.1,-1.7,0.1,1524305,1604218
Joffrey Lauvergne,C,26,SAS,55,534,16.5,0.536,0.026,0.247,13.0,22.6,17.8,12.2,0.9,0.5,13.5,20.4,0.6,0.7,1.3,0.12,-0.4,-0.6,-1.0,0.1,1524305,1604218
Zach LaVine,SG,22,CHI,24,656,14.6,0.499,0.346,0.301,1.4,14.4,7.7,18.6,1.8,0.5,9.7,29.5,-0.1,0.5,0.3,0.025,-0.8,-1.5,-2.3,-0.1,3202217,3370096
Courtney Lee,SG,32,NYK,76,2310,13.0,0.564,0.368,0.164,1.4,9.3,5.4,11.3,1.7,0.6,9.4,16.9,2.7,1.2,3.9,0.082,-0.1,-0.2,-0.3,1.0,11747890,12363784
Damion Lee,SG,25,ATL,15,404,12.0,0.489,0.395,0.191,3.0,16.6,9.8,11.2,2.3,0.2,7.8,19.3,0.0,0.4,0.4,0.046,-2.3,0.4,-1.9,0.0,138239,145486
Alex Len,C,24,PHO,69,1395,19.4,0.612,0.008,0.611,13.2,26.7,19.8,9.1,0.9,3.5,14.0,17.0,3.2,1.3,4.5,0.154,0.6,-0.3,0.3,0.8,4187599,4407137
Kawhi Leonard,SF,26,SAS,9,210,26.0,0.572,0.315,0.342,3.1,19.1,11.1,17.7,4.3,3.6,11.1,30.6,0.3,0.5,0.9,0.196,5.2,4.9,10.1,0.6,18868625,19857830
Meyers Leonard,C,25,POR,33,254,17.8,0.676,0.333,0.141,5.2,24.7,15.0,10.6,1.4,0.0,10.8,16.1,0.7,0.3,1.1,0.2,1.0,0.9,2.0,0.3,9904495,10423747
Caris LeVert,SF,23,BRK,71,1864,14.2,0.525,0.333,0.254,3.0,11.9,7.4,26.0,2.1,0.9,15.8,22.5,0.7,1.6,2.3,0.058,-0.8,0.0,-0.8,0.6,1632480,1718064
Damian Lillard,PG,27,POR,73,2670,25.2,0.594,0.445,0.38,2.6,10.6,6.6,30.9,1.4,0.8,11.1,30.6,9.9,2.7,12.6,0.227,7.0,0.3,7.2,6.3,26153057,27524156
Shaun Livingston,PG,32,GSW,71,1129,11.6,0.533,0.015,0.178,3.4,9.2,6.5,16.8,1.5,1.5,13.6,16.6,0.9,0.9,1.8,0.077,-2.8,-0.4,-3.1,-0.3,7692308,8095584
Kevon Looney,C,21,GSW,66,910,14.8,0.588,0.026,0.399,11.0,15.2,13.2,6.0,1.8,4.9,12.0,12.4,1.5,1.3,2.8,0.145,-1.2,1.0,-0.2,0.4,1471382,1548520
Brook Lopez,C,29,LAL,74,1735,16.5,0.557,0.41,0.199,4.6,13.4,9.0,11.6,0.8,4.6,10.2,23.5,1.9,1.9,3.8,0.105,0.7,0.2,0.9,1.3,22642350,23829396
Robin Lopez,C,29,CHI,64,1690,14.7,0.552,0.022,0.14,8.2,10.3,9.2,12.3,0.4,2.8,13.5,20.4,1.2,0.7,1.9,0.055,-0.9,-1.3,-2.2,-0.1,13788500,14511375
Kevin Love,C,29,CLE,59,1651,22.4,0.614,0.453,0.365,7.0,29.8,18.6,9.8,1.3,1.2,9.6,25.1,4.7,1.6,6.4,0.185,4.5,-1.3,3.3,2.2,22642350,23829396
Kyle Lowry,PG,31,TOR,78,2510,19.5,0.598,0.631,0.276,3.0,16.1,9.7,30.9,1.7,0.6,14.7,21.7,7.0,3.1,10.2,0.194,4.7,0.5,5.2,4.5,28903704,30419008
Trey Lyles,PF,22,DEN,73,1391,17.9,0.591,0.396,0.26,4.5,23.5,14.0,10.1,1.1,2.0,9.1,21.1,2.7,1.2,3.9,0.135,2.0,-0.7,1.3,1.1,2441400,2569392
Shelvin Mack,PG,27,ORL,69,1365,13.3,0.518,0.336,0.234,1.8,11.6,6.7,29.5,1.9,0.5,16.3,17.6,1.0,1.0,1.9,0.069,-1.2,-0.2,-1.4,0.2,6000000,6314555
Josh Magette,PG,28,ATL,18,216,11.9,0.464,0.478,0.174,1.0,8.8,4.9,36.4,1.8,0.4,15.4,11.8,0.3,0.1,0.4,0.092,-2.0,-0.6,-2.6,0.0,77250,81299
Ian Mahinmi,C,31,WAS,77,1145,12.2,0.601,0.008,0.516,13.4,17.4,15.4,6.6,1.6,3.2,24.7,15.6,0.8,1.4,2.2,0.093,-4.6,0.2,-4.4,-0.7,16000000,16838815
Thon Maker,C,20,MIL,74,1238,10.2,0.499,0.329,0.294,7.1,14.2,10.6,5.2,1.5,3.7,11.0,14.6,0.3,1.1,1.5,0.056,-3.2,-0.4,-3.5,-0.5,3086784,3248611
Lauri Markkanen,PF,20,CHI,68,2020,15.6,0.552,0.465,0.193,4.0,23.7,13.5,6.4,0.9,1.8,8.2,21.9,1.7,1.6,3.3,0.079,1.0,-1.2,-0.2,0.9,3821640,4021993
Jarell Martin,PF,23,MEM,73,1661,10.5,0.516,0.198,0.234,6.6,15.8,11.1,7.0,1.2,2.8,13.6,17.1,0.1,1.2,1.3,0.038,-3.3,-0.7,-4.0,-0.8,1471382,1548520
Wesley Matthews,SF,31,DAL,63,2131,11.4,0.541,0.577,0.145,1.4,9.2,5.2,12.3,1.8,0.7,10.1,17.6,1.0,1.6,2.6,0.059,-1.0,0.1,-0.9,0.6,17884175,18821769
Luc Mbah a Moute,PF,31,HOU,61,1564,10.3,0.595,0.501,0.275,1.6,11.7,6.7,5.0,2.3,1.4,15.0,12.8,0.8,2.1,2.8,0.087,-1.6,1.4,-0.2,0.7,2116955,2227938
Patrick McCaw,SG,22,GSW,57,961,7.4,0.477,0.356,0.151,2.0,7.2,4.8,10.6,2.2,0.8,14.6,12.8,-0.3,0.8,0.6,0.029,-4.3,0.1,-4.1,-0.5,1312611,1381425
CJ McCollum,SG,26,POR,81,2923,17.0,0.536,0.316,0.166,2.0,9.9,6.0,15.8,1.3,1.0,8.6,26.5,3.7,2.9,6.6,0.108,1.8,-0.5,1.2,2.4,23962573,25218833
JaVale McGee,C,30,GSW,65,615,22.3,0.641,0.027,0.237,11.5,18.7,15.4,8.0,1.6,7.3,10.0,19.2,1.7,1.1,2.7,0.212,0.3,1.2,1.5,0.5,2116955,2227938
Rodney McGruder,SG,26,MIA,18,299,12.0,0.595,0.479,0.11,4.1,8.3,6.2,8.4,1.3,0.9,5.0,12.1,0.5,0.3,0.8,0.125,-1.0,-0.4,-1.4,0.1,1312611,1381425
Ben McLemore,SG,24,MEM,56,1091,9.7,0.526,0.426,0.172,3.5,11.4,7.4,7.5,1.8,1.3,13.2,19.0,-0.2,0.7,0.5,0.023,-2.9,-1.0,-3.9,-0.5,5200000,5472614
Jodie Meeks,SG,30,WAS,77,1119,12.4,0.548,0.534,0.298,1.5,11.2,6.4,9.1,1.3,0.3,7.7,19.0,1.3,0.8,2.0,0.087,-0.3,-0.8,-1.1,0.3,3290000,3462481
Salah Mejri,C,31,DAL,61,729,17.8,0.644,0.022,0.482,12.5,25.4,18.7,7.2,1.5,8.2,19.0,12.8,1.3,1.3,2.7,0.175,-2.0,2.8,0.7,0.5,1471382,1548520
Jordan Mickey,PF,23,MIA,23,284,10.6,0.515,0.195,0.232,7.1,24.9,16.0,4.8,1.1,3.0,16.6,17.1,-0.1,0.4,0.3,0.054,-5.2,-0.3,-5.6,-0.3,1471382,1548520
Khris Middleton,SF,26,MIL,82,2982,17.4,0.577,0.32,0.285,1.8,15.0,8.4,17.7,2.0,0.6,11.8,24.6,4.6,2.3,6.9,0.111,0.8,-0.8,0.0,1.5,14100000,14839205
Darius Miller,SF,27,NOP,82,1944,9.3,0.617,0.735,0.138,1.0,7.9,4.6,7.5,0.7,0.7,10.1,12.8,2.1,0.9,3.0,0.075,-1.1,-0.8,-1.9,0.1,2100000,2210094
Paul Millsap,PF,32,DEN,38,1143,17.0,0.549,0.26,0.37,6.4,17.6,12.1,13.9,1.7,3.2,12.6,22.0,1.4,1.1,2.5,0.107,0.4,0.0,0.4,0.7,30769231,32382337
Donovan Mitchell,SG,21,UTA,79,2638,16.7,0.541,0.404,0.218,2.3,10.4,6.4,19.4,2.2,0.9,12.6,29.1,1.4,3.8,5.2,0.095,0.9,0.3,1.2,2.2,2621280,2758703
Malik Monk,SG,19,CHO,63,854,10.3,0.477,0.572,0.089,1.0,7.5,4.2,16.9,1.1,0.9,10.0,24.9,-0.5,0.5,0.0,0.0,-1.3,-2.0,-3.4,-0.3,2904480,3056750
E'Twaun Moore,SG,28,NOP,82,2586,12.1,0.593,0.362,0.082,2.5,7.3,5.0,10.1,1.5,0.4,10.6,16.1,2.8,1.6,4.4,0.081,-1.0,-0.5,-1.6,0.3,8445024,8887762
Eric Moreland,PF,26,DET,67,805,13.9,0.531,0.0,0.238,10.9,27.6,19.1,13.3,1.9,5.6,23.8,9.7,0.7,1.6,2.3,0.135,-2.8,3.3,0.5,0.5,1740000,1831221
Marcus Morris,PF,28,BOS,54,1442,14.5,0.541,0.383,0.252,3.3,18.4,11.0,8.2,1.2,0.7,8.7,23.0,1.1,2.2,3.2,0.108,-0.1,-0.1,-0.1,0.7,5000000,5262129
Markieff Morris,PF,28,WAS,73,1968,13.2,0.566,0.301,0.186,4.3,19.2,11.8,11.0,1.4,1.7,14.6,19.5,1.2,2.1,3.3,0.08,-1.3,0.1,-1.3,0.4,8000000,8419407
Timofey Mozgov,C,31,BRK,31,359,12.3,0.617,0.194,0.323,9.4,19.7,14.5,4.8,0.7,2.7,23.7,16.8,0.1,0.3,0.4,0.055,-3.3,-0.6,-3.9,-0.2,15280000,16081068
Dejounte Murray,PG,21,SAS,81,1743,15.1,0.485,0.056,0.243,7.0,22.4,14.6,20.2,2.8,1.5,16.6,20.7,-0.2,3.4,3.2,0.087,-1.6,2.2,0.5,1.1,1312611,1381425
Jamal Murray,PG,20,DEN,81,2565,16.1,0.576,0.411,0.238,3.6,9.4,6.5,16.4,1.5,0.9,12.8,22.8,4.3,1.2,5.5,0.103,1.2,-1.5,-0.3,1.1,3355320,3531225
Mike Muscala,C,26,ATL,53,1060,14.4,0.597,0.535,0.199,5.9,18.3,12.1,7.3,1.4,2.2,11.0,15.7,1.5,0.9,2.4,0.109,0.3,0.1,0.3,0.6,5000000,5262129
Abdel Nader,SF,24,BOS,48,522,5.1,0.439,0.436,0.262,2.8,12.0,7.4,7.1,1.4,1.6,17.0,17.1,-0.9,0.8,-0.1,-0.014,-5.5,0.2,-5.3,-0.4,1167333,1228531
Shabazz Napier,PG,26,POR,74,1535,14.2,0.544,0.411,0.26,1.9,10.1,6.0,14.6,2.6,0.7,13.2,19.5,1.2,2.0,3.2,0.101,-0.7,1.4,0.7,1.0,2361359,2485155
Raul Neto,PG,25,UTA,41,498,11.9,0.55,0.311,0.232,1.6,9.5,5.6,23.0,1.3,0.7,17.8,18.3,0.3,0.6,0.9,0.086,-1.6,0.2,-1.4,0.1,1471382,1548520
Nerlens Noel,C,23,DAL,30,472,16.2,0.558,0.01,0.267,10.9,29.3,19.8,6.3,3.3,4.1,18.1,13.8,0.4,1.0,1.3,0.135,-2.2,2.7,0.5,0.3,4187599,4407137
Lucas Nogueira,C,25,TOR,49,418,17.3,0.661,0.238,0.35,4.9,18.1,11.7,7.2,2.7,8.2,14.8,11.4,0.7,1.0,1.6,0.188,0.1,5.0,5.2,0.8,2947304,3101819
Dirk Nowitzki,C,39,DAL,77,1900,16.7,0.575,0.445,0.142,1.2,25.2,12.8,10.4,1.1,2.1,6.0,20.5,2.6,2.2,4.8,0.121,1.7,0.6,2.3,2.1,5000000,5262129
Frank Ntilikina,PG,19,NYK,78,1706,7.0,0.437,0.314,0.136,2.4,9.1,5.8,20.0,1.9,0.9,19.8,16.9,-2.0,1.1,-0.9,-0.026,-4.5,-0.5,-5.0,-1.3,3501120,3684669
Jusuf Nurkic,C,23,POR,79,2088,19.2,0.528,0.007,0.287,10.0,26.9,18.5,11.7,1.5,4.3,14.6,26.4,0.8,3.9,4.7,0.108,-1.1,1.1,0.0,1.1,2947304,3101819
David Nwaba,SG,25,CHI,70,1646,12.2,0.542,0.123,0.48,5.6,16.0,10.6,9.4,1.7,1.6,13.1,15.6,1.1,1.4,2.4,0.071,-2.7,0.2,-2.5,-0.2,1312611,1381425
Johnny O'Bryant,PF,24,CHO,36,379,11.9,0.47,0.251,0.146,8.1,18.6,13.3,5.9,1.2,1.3,7.6,22.5,-0.1,0.4,0.3,0.038,-2.9,-1.5,-4.4,-0.2,1524305,1604218
Royce O'Neale,SF,24,UTA,69,1150,10.8,0.54,0.415,0.268,2.5,20.6,11.7,12.0,1.6,1.2,14.8,14.6,0.5,1.8,2.4,0.099,-2.0,1.8,-0.2,0.5,815615,858374
Kyle O'Quinn,C,27,NYK,77,1387,20.0,0.625,0.044,0.331,9.7,27.8,18.8,16.8,1.3,6.1,18.5,17.0,2.7,2.1,4.8,0.166,0.4,2.6,3.1,1.8,4087500,4301791
Semi Ojeleye,PF,23,BOS,73,1150,4.6,0.473,0.665,0.218,3.6,11.6,7.7,2.4,0.9,0.3,10.8,9.0,-0.2,1.3,1.2,0.048,-4.6,-0.1,-4.7,-0.8,1291892,1359620
Emeka Okafor,C,35,NOP,26,353,16.4,0.545,0.0,0.232,14.9,21.7,18.4,3.1,1.1,5.6,11.0,14.4,0.5,0.5,1.0,0.14,-1.1,-0.2,-1.2,0.1,813293,855930
Victor Oladipo,SG,25,IND,75,2552,23.1,0.577,0.323,0.274,2.1,15.1,8.6,21.2,3.5,2.0,12.7,30.1,4.3,4.0,8.2,0.155,4.1,1.7,5.8,5.0,21000000,22100945
Kelly Olynyk,PF,26,MIA,76,1779,17.8,0.612,0.44,0.274,5.6,21.6,13.6,18.7,1.7,1.7,17.1,21.7,2.8,2.7,5.5,0.148,1.1,1.2,2.3,1.9,12007169,12636656
Cedi Osman,SF,22,CLE,61,672,11.0,0.577,0.468,0.247,3.2,16.6,10.0,8.7,1.6,0.4,13.4,15.7,0.5,0.4,0.9,0.064,-2.1,-0.7,-2.9,-0.1,2642857,2781411
Zaza Pachulia,C,33,GSW,69,972,17.0,0.612,0.004,0.352,11.0,25.0,18.5,15.2,1.9,1.4,19.1,17.0,1.8,1.4,3.3,0.161,-0.7,0.7,0.0,0.5,3477600,3659916
Jabari Parker,PF,22,MIL,31,743,17.1,0.55,0.244,0.163,6.6,17.1,11.9,13.1,1.7,1.2,11.2,24.4,0.6,0.6,1.2,0.08,0.9,-1.7,-0.8,0.2,6782392,7137965
Tony Parker,PG,35,SAS,55,1071,12.7,0.498,0.095,0.201,0.7,9.2,4.9,28.2,1.3,0.1,13.9,20.5,0.4,1.1,1.4,0.065,-2.3,-0.9,-3.3,-0.3,15453126,16263270
Chandler Parsons,SF,29,MEM,36,691,13.6,0.578,0.517,0.115,2.3,13.0,7.5,16.4,1.3,1.5,12.5,18.3,0.7,0.4,1.1,0.077,1.2,-0.4,0.8,0.5,23112004,24323672
Patrick Patterson,PF,28,OKC,82,1270,10.0,0.555,0.643,0.173,2.7,14.6,8.4,6.1,1.9,1.6,10.3,10.8,1.2,1.4,2.6,0.098,-1.2,1.0,-0.2,0.6,5192000,5464195
Brandon Paul,SG,26,SAS,64,576,7.4,0.504,0.425,0.339,1.1,12.0,6.5,9.0,2.2,1.0,16.6,13.6,-0.3,0.8,0.5,0.045,-5.1,1.6,-3.5,-0.2,815615,858374
Chris Paul,PG,32,HOU,58,1847,24.4,0.604,0.475,0.277,2.3,16.7,9.5,40.9,2.6,0.6,12.5,24.5,7.5,2.7,10.2,0.265,5.2,1.8,7.1,4.2,24268959,25541282
Cameron Payne,PG,23,CHI,25,582,14.0,0.498,0.423,0.074,3.2,9.8,6.4,29.9,2.2,1.4,14.0,19.3,0.3,0.4,0.8,0.063,-0.1,-0.3,-0.4,0.2,2203440,2318957
Alec Peters,PF,22,PHO,20,225,10.7,0.523,0.784,0.135,3.7,14.0,8.8,7.9,0.4,0.7,4.9,15.5,0.2,0.0,0.3,0.055,-0.5,-2.3,-2.8,0.0,77250,81299
Mason Plumlee,C,27,DEN,74,1439,16.9,0.586,0.003,0.486,10.4,20.9,15.6,14.4,1.7,4.7,18.7,16.6,1.8,1.8,3.6,0.12,-1.0,1.4,0.5,0.9,14041096,14777213
Miles Plumlee,C,29,ATL,55,918,10.6,0.574,0.0,0.333,9.4,18.3,13.9,7.2,0.9,2.8,23.4,12.8,0.1,0.7,0.9,0.046,-3.7,-0.1,-3.8,-0.4,12400000,13050081
Jakob Poeltl,C,22,TOR,82,1524,17.5,0.662,0.005,0.263,12.4,16.4,14.4,5.4,1.3,5.2,16.6,14.8,3.1,2.4,5.6,0.175,-0.7,1.1,0.4,0.9,2825640,2973776
Otto Porter,SF,24,WAS,77,2432,18.3,0.602,0.354,0.145,4.8,18.1,11.4,10.1,2.4,1.5,7.4,18.4,5.0,3.1,8.1,0.161,2.6,1.0,3.5,3.4,24773250,26072011
Bobby Portis,PF,22,CHI,73,1643,19.7,0.548,0.275,0.192,10.0,23.0,16.2,13.2,1.5,1.3,10.5,26.0,2.0,1.5,3.5,0.101,2.2,-1.3,0.8,1.2,1516320,1595814
Kristaps Porzingis,PF,22,NYK,48,1553,20.4,0.539,0.256,0.309,4.4,18.1,11.3,6.2,1.1,6.4,8.4,31.0,1.4,1.8,3.2,0.099,1.9,-0.1,1.8,1.5,4503600,4739705
Dwight Powell,C,26,DAL,79,1672,18.8,0.656,0.195,0.43,8.7,21.3,14.7,8.5,2.0,1.7,10.3,15.5,4.6,2.1,6.6,0.191,0.6,1.0,1.6,1.5,9003125,9475122
Norman Powell,SG,24,TOR,70,1062,8.5,0.492,0.497,0.104,1.5,10.9,6.3,11.8,1.7,1.2,14.4,18.9,-0.6,1.2,0.6,0.027,-3.2,0.2,-2.9,-0.3,1471382,1548520
Taurean Prince,SF,23,ATL,82,2464,12.8,0.549,0.469,0.185,2.3,15.3,8.8,13.9,1.7,1.5,15.3,22.1,0.0,2.0,2.0,0.038,-0.5,-0.6,-1.1,0.6,2422560,2549565
Rodney Purvis,SG,23,ORL,16,290,4.5,0.423,0.486,0.14,0.4,9.9,5.1,8.5,0.5,0.8,8.1,18.7,-0.4,0.1,-0.3,-0.056,-6.1,-2.1,-8.2,-0.5,165887,174583
Ivan Rabb,PF,20,MEM,36,516,16.6,0.599,0.0,0.237,11.6,24.1,17.7,10.4,1.2,2.4,17.3,17.7,0.7,0.5,1.2,0.109,-0.9,-1.2,-2.0,0.0,950000,999804
Julius Randle,C,23,LAL,82,2190,19.9,0.606,0.05,0.47,8.9,22.8,15.9,15.8,0.9,1.7,16.3,25.3,4.0,2.6,6.6,0.145,0.6,0.0,0.6,1.4,4149242,4366769
Zach Randolph,PF,36,SAC,59,1508,17.3,0.529,0.193,0.14,7.0,23.7,15.0,14.9,1.4,0.6,12.5,27.6,0.3,1.2,1.5,0.048,0.5,-1.5,-1.0,0.4,12307692,12952934
Davon Reed,SG,22,PHO,21,242,4.8,0.388,0.5,0.158,0.9,16.6,8.6,7.6,2.0,0.7,11.0,16.0,-0.5,0.2,-0.3,-0.06,-5.8,-0.6,-6.4,-0.3,815615,858374
Josh Richardson,SF,24,MIA,81,2689,13.6,0.551,0.38,0.16,2.9,9.0,6.0,13.2,2.3,2.4,12.9,18.2,1.8,3.5,5.4,0.096,-0.6,1.3,0.7,1.8,1471382,1548520
Austin Rivers,SG,25,LAC,61,2057,12.6,0.526,0.447,0.198,1.5,6.2,3.9,17.5,1.7,0.6,11.1,20.6,1.4,1.0,2.4,0.056,-0.3,-0.9,-1.2,0.4,11825000,12444936
Andre Roberson,SG,26,OKC,39,1037,10.9,0.543,0.222,0.235,7.8,12.2,9.9,6.0,2.2,3.1,14.4,8.6,0.8,1.3,2.2,0.1,-1.9,1.8,-0.1,0.5,9259260,9744685
Glenn Robinson III,SF,24,IND,23,338,10.8,0.529,0.4,0.129,3.7,8.6,6.2,6.8,1.9,0.3,5.3,12.5,0.4,0.3,0.6,0.088,-1.2,0.4,-0.7,0.1,1524305,1604218
Rajon Rondo,PG,31,NOP,65,1705,15.3,0.522,0.304,0.093,2.0,14.2,8.4,42.2,2.0,0.5,22.7,16.9,1.9,1.7,3.6,0.101,0.0,-0.4,-0.3,0.7,6300000,6630282
Terrence Ross,SG,26,ORL,24,600,9.9,0.505,0.487,0.188,1.8,11.6,6.7,9.3,2.2,1.5,12.3,17.3,-0.2,0.5,0.3,0.025,-2.8,0.1,-2.7,-0.1,10500000,11050472
Terry Rozier,PG,23,BOS,80,2068,15.1,0.52,0.503,0.186,3.4,16.3,9.9,17.5,1.9,0.8,8.5,20.4,2.2,3.4,5.6,0.13,0.9,1.2,2.1,2.1,1988520,2092770
Ricky Rubio,PG,27,UTA,77,2254,15.4,0.537,0.33,0.307,2.2,15.3,8.8,28.4,2.7,0.4,18.1,22.9,1.5,3.8,5.3,0.112,-0.7,1.5,0.7,1.6,14100000,14839205
D'Angelo Russell,PG,21,BRK,48,1234,15.2,0.509,0.414,0.195,2.6,13.8,8.1,35.7,1.4,1.0,16.8,30.8,-0.5,0.9,0.4,0.014,0.8,-2.0,-1.2,0.3,5562360,5853972
Domantas Sabonis,C,21,IND,74,1810,17.5,0.567,0.056,0.339,10.4,25.2,17.8,12.7,1.1,1.6,15.3,22.1,2.5,2.2,4.7,0.126,-0.6,-0.5,-1.1,0.4,2550000,2683686
JaKarr Sampson,SF,24,SAC,22,344,13.9,0.585,0.123,0.198,6.7,19.7,12.9,3.9,1.2,6.1,8.3,12.5,0.4,0.4,0.8,0.114,-2.3,1.1,-1.2,0.1,77250,81299
Dario Saric,PF,23,PHI,78,2310,15.8,0.582,0.448,0.233,7.5,16.4,12.1,13.0,1.1,0.7,13.1,20.9,3.8,2.8,6.6,0.137,1.8,-0.5,1.3,1.9,2422560,2549565
Tomas Satoransky,SG,26,WAS,73,1643,15.4,0.615,0.263,0.25,5.0,11.1,8.0,24.8,1.6,0.8,16.3,13.7,3.7,1.3,5.0,0.145,0.8,0.5,1.2,1.3,3000000,3157277
Mike Scott,PF,29,WAS,76,1406,13.6,0.599,0.311,0.145,4.0,15.8,9.9,9.1,0.8,0.6,12.4,20.0,1.4,1.0,2.5,0.085,-0.6,-1.1,-1.7,0.1,1709538,1799162
Thabo Sefolosha,SF,33,UTA,38,806,15.8,0.591,0.35,0.225,4.1,18.4,11.3,6.3,3.2,1.3,10.2,16.4,1.0,1.6,2.6,0.156,0.2,2.5,2.7,0.9,5250000,5525236
Wayne Selden,SG,23,MEM,35,692,11.8,0.551,0.454,0.219,2.6,6.8,4.7,16.0,1.3,0.7,15.5,22.6,0.1,0.2,0.3,0.023,-0.9,-2.2,-3.1,-0.2,1312611,1381425
Iman Shumpert,SG,27,CLE,14,276,6.4,0.48,0.448,0.259,2.9,13.6,8.3,8.1,1.6,1.2,19.9,12.9,-0.2,0.2,0.0,-0.006,-3.4,0.0,-3.3,-0.1,10337079,10879010
Pascal Siakam,PF,23,TOR,81,1679,14.5,0.549,0.265,0.175,5.4,18.6,12.1,13.5,1.8,2.0,11.1,15.7,2.1,2.5,4.7,0.133,-0.3,1.6,1.3,1.4,1312611,1381425
Ben Simmons,PG,21,PHI,81,2732,20.0,0.557,0.011,0.342,5.9,19.5,13.0,37.4,2.5,2.1,19.5,22.3,4.2,5.0,9.2,0.162,2.0,2.5,4.5,4.5,6168840,6492247
Jonathon Simmons,SG,28,ORL,69,2029,12.7,0.555,0.268,0.317,3.3,9.7,6.5,13.3,1.4,0.6,14.4,22.0,0.8,1.1,1.9,0.045,-1.7,-1.3,-3.1,-0.5,6300000,6630283
Kobi Simmons,PG,20,MEM,32,643,7.7,0.49,0.206,0.132,2.5,6.6,4.5,16.5,1.4,0.7,18.0,17.0,-0.4,0.2,-0.2,-0.013,-4.7,-2.1,-6.9,-0.8,77250,81299
Marcus Smart,SG,23,BOS,54,1614,10.8,0.479,0.483,0.258,3.0,9.8,6.4,23.7,2.2,1.2,18.4,19.4,-0.6,2.5,1.9,0.056,-2.1,1.0,-1.2,0.3,4538019,4775928
Jason Smith,C,31,WAS,33,285,8.8,0.455,0.278,0.183,7.2,13.9,10.5,7.4,0.5,4.0,11.4,21.7,-0.2,0.3,0.0,0.003,-5.4,-1.0,-6.4,-0.3,5225000,5498925
Tony Snell,SG,26,MIL,75,2053,8.5,0.578,0.631,0.113,0.5,7.5,4.0,6.5,1.1,1.2,7.5,10.6,1.6,0.7,2.4,0.056,-1.5,-0.8,-2.3,-0.1,9821429,10336326
Marreese Speights,C,30,ORL,52,675,13.7,0.539,0.668,0.158,3.4,18.4,10.8,9.8,0.6,2.6,9.7,26.9,0.1,0.5,0.6,0.045,0.2,-1.4,-1.1,0.1,2116955,2227938
Lance Stephenson,SG,27,IND,82,1850,12.4,0.495,0.327,0.179,3.8,22.0,12.9,18.6,1.2,0.8,14.6,21.6,-0.2,2.0,1.8,0.046,-1.5,-0.3,-1.8,0.1,4180000,4399140
Jayson Tatum,SF,19,BOS,80,2443,15.2,0.586,0.29,0.309,2.3,15.6,9.0,8.3,1.7,2.0,10.7,19.4,3.0,4.0,7.1,0.139,0.0,1.2,1.2,2.0,5645400,5941365
Isaiah Taylor,PG,23,ATL,67,1167,10.9,0.492,0.205,0.362,2.1,6.9,4.5,27.0,1.4,0.7,15.7,20.1,0.2,0.5,0.6,0.027,-3.1,-1.3,-4.4,-0.7,1312611,1381425
Jeff Teague,PG,29,MIN,70,2311,16.4,0.553,0.287,0.301,1.2,9.3,5.2,30.6,2.2,0.9,16.4,20.6,3.4,1.4,4.9,0.101,1.1,-0.7,0.4,1.4,19000000,19996093
Garrett Temple,SG,31,SAC,65,1615,10.2,0.536,0.477,0.164,1.5,9.6,5.4,11.3,1.8,1.6,13.4,16.4,0.3,0.9,1.2,0.035,-2.2,-0.3,-2.5,-0.2,8000000,8419407
Milos Teodosic,PG,30,LAC,45,1134,11.6,0.564,0.644,0.128,1.6,10.5,6.1,26.2,1.0,0.4,20.3,18.2,0.9,0.5,1.4,0.058,-0.3,-1.5,-1.7,0.1,6000000,6314555
Jason Terry,SG,40,MIL,51,814,8.1,0.525,0.747,0.058,0.7,6.2,3.5,9.7,2.6,1.4,13.7,10.1,0.1,0.6,0.7,0.042,-2.6,0.6,-2.0,0.0,2328652,2450733
Daniel Theis,C,25,BOS,63,936,16.1,0.616,0.249,0.348,10.7,21.2,16.0,9.1,1.6,4.3,17.2,15.5,1.6,1.9,3.5,0.178,-2.0,2.3,0.3,0.5,815615,858374
Lance Thomas,PF,29,NYK,73,1353,6.3,0.513,0.464,0.199,3.6,10.7,7.2,4.2,1.1,0.9,12.1,10.7,0.3,0.6,0.9,0.031,-3.2,-0.5,-3.7,-0.6,6655325,7004236
Klay Thompson,SG,27,GSW,73,2506,16.0,0.598,0.442,0.083,1.5,10.3,6.2,11.2,1.1,1.1,9.5,23.7,3.1,1.8,4.9,0.094,1.7,-2.1,-0.4,1.0,17826150,18760702
Tristan Thompson,C,26,CLE,53,1072,13.6,0.569,0.0,0.336,13.4,23.3,18.4,4.3,0.7,1.3,11.8,12.6,1.8,0.7,2.5,0.113,-1.0,-1.9,-2.9,-0.2,16400000,17259785
Sindarius Thornwell,SG,23,LAC,73,1156,8.2,0.519,0.262,0.378,3.2,10.0,6.7,7.8,2.0,1.8,16.3,12.1,0.1,0.9,1.0,0.041,-3.4,1.0,-2.4,-0.1,815615,858374
Anthony Tolliver,PF,32,DET,79,1757,13.9,0.663,0.773,0.282,3.1,12.3,7.6,7.5,0.9,1.1,9.9,14.8,3.8,1.5,5.3,0.146,1.2,-0.3,0.9,1.3,5290000,5567332
Karl-Anthony Towns,C,22,MIN,82,2918,24.9,0.646,0.243,0.343,9.3,30.9,20.0,10.8,1.1,3.5,10.5,22.9,10.6,3.4,14.0,0.23,4.9,0.2,5.1,5.2,6216840,6542763
Evan Turner,SF,29,POR,79,2034,9.9,0.52,0.229,0.185,1.6,11.4,6.5,12.4,1.1,1.2,13.7,15.6,0.5,2.1,2.6,0.061,-2.9,0.4,-2.5,-0.3,17131148,18029264
Myles Turner,C,21,IND,65,1836,16.6,0.567,0.246,0.322,5.8,19.8,12.8,7.0,1.0,5.7,11.6,20.0,2.2,2.5,4.7,0.122,-0.6,0.4,-0.2,0.8,2483040,2613215
Ekpe Udoh,C,30,UTA,63,810,15.2,0.56,0.008,0.467,9.6,11.4,10.5,9.1,2.7,7.7,12.1,9.1,1.3,1.8,3.2,0.187,-1.3,4.4,3.1,1.1,3200000,3367763
Tyler Ulis,PG,22,PHO,71,1658,10.1,0.465,0.265,0.183,1.5,6.8,4.1,28.0,2.0,0.3,17.6,18.5,-0.7,0.5,-0.2,-0.006,-3.0,-1.4,-4.4,-1.0,1312611,1381425
Jonas Valanciunas,C,25,TOR,77,1727,22.5,0.628,0.108,0.307,12.1,30.3,21.4,7.5,0.8,3.2,12.9,22.7,4.6,3.0,7.6,0.21,2.4,0.0,2.4,1.9,15460675,16271215
Denzel Valentine,SG,24,CHI,77,2095,12.1,0.527,0.513,0.071,2.4,18.3,10.1,17.8,1.5,0.5,11.8,17.5,1.0,1.5,2.5,0.057,-1.0,0.0,-1.0,0.5,2186400,2301024
Fred VanVleet,PG,23,TOR,76,1520,15.9,0.556,0.479,0.185,1.9,11.5,6.8,22.8,2.2,1.0,11.2,19.1,2.7,2.0,4.7,0.149,1.4,1.0,2.4,1.7,1312611,1381425
Nikola Vucevic,C,27,ORL,57,1683,19.7,0.533,0.243,0.112,6.6,27.8,17.1,19.9,1.6,3.0,11.0,25.9,1.3,2.3,3.6,0.102,1.7,1.0,2.7,2.0,12250000,12892217
Dion Waiters,SG,26,MIA,30,918,10.5,0.487,0.415,0.168,1.0,8.5,4.7,19.8,1.3,0.8,13.7,25.0,-0.7,0.8,0.1,0.004,-2.1,-1.4,-3.5,-0.4,12100000,12734354
Kemba Walker,PG,27,CHO,80,2736,20.6,0.572,0.441,0.308,1.2,8.7,4.9,27.4,1.6,0.7,10.4,27.4,6.5,2.0,8.6,0.15,4.7,-0.7,4.0,4.2,12000000,12629111
John Wall,PG,27,WAS,41,1410,19.1,0.515,0.25,0.361,1.8,10.2,6.0,44.5,2.0,2.8,17.0,29.1,1.2,1.5,2.7,0.092,3.5,-0.5,3.0,1.8,18063850,19010864
Tyrone Wallace,PG,23,LAC,30,851,10.1,0.517,0.162,0.316,2.7,10.7,6.8,11.8,1.5,1.3,14.1,16.6,0.2,0.5,0.7,0.042,-3.1,-0.4,-3.5,-0.3,77250,81299
Travis Wear,SF,27,LAL,17,228,6.9,0.497,0.653,0.111,0.0,17.6,8.9,4.2,0.8,1.8,7.4,15.2,0.0,0.2,0.2,0.042,-3.7,0.0,-3.7,-0.1,304051,319991
David West,C,37,GSW,73,999,20.9,0.6,0.021,0.209,7.7,18.2,13.3,20.5,2.3,5.9,16.2,21.7,1.8,1.7,3.5,0.168,0.7,2.5,3.1,1.3,2328652,2450733
Russell Westbrook,PG,29,OKC,80,2914,24.7,0.524,0.193,0.336,5.6,25.7,15.3,49.8,2.5,0.6,16.4,34.1,5.5,4.5,10.1,0.166,4.8,1.5,6.3,6.1,28299399,29783022
Andrew White,SF,24,ATL,15,209,5.8,0.461,0.671,0.055,2.1,16.0,9.1,4.3,0.7,0.4,9.7,17.3,-0.2,0.1,-0.1,-0.034,-3.4,-2.1,-5.5,-0.2,77250,81299
Hassan Whiteside,C,28,MIA,54,1364,24.1,0.573,0.003,0.315,14.3,36.6,25.4,6.9,1.4,5.9,12.3,24.7,2.3,3.0,5.3,0.187,1.5,1.1,2.6,1.6,23775506,25021959
Andrew Wiggins,SF,22,MIN,82,2979,13.0,0.505,0.26,0.242,3.1,10.8,6.9,8.2,1.5,1.5,8.8,23.4,0.5,1.6,2.1,0.034,-0.8,-1.7,-2.4,-0.3,7574322,7971413
Marvin Williams,PF,31,CHO,78,2006,13.9,0.603,0.542,0.218,3.9,16.2,10.0,7.0,1.4,1.6,9.7,14.8,3.1,1.9,5.0,0.119,0.6,0.3,1.0,1.5,13168750,13859134
Jamil Wilson,SF,27,LAC,15,274,11.4,0.634,0.778,0.049,1.2,11.5,6.4,5.2,0.9,2.4,8.8,14.3,0.4,0.2,0.5,0.096,0.0,0.2,0.2,0.2,77250,81299
Justise Winslow,PF,21,MIA,68,1680,11.5,0.496,0.264,0.213,4.3,20.5,12.4,13.0,1.6,1.7,12.6,16.3,0.2,2.4,2.6,0.075,-2.2,1.1,-1.1,0.4,2705040,2846854
Delon Wright,PG,25,TOR,69,1433,16.5,0.574,0.354,0.271,3.6,11.7,7.7,19.6,2.5,1.8,13.9,17.2,2.5,2.1,4.5,0.152,1.4,1.8,3.3,1.9,1645200,1731451
Guerschon Yabusele,PF,22,BOS,33,235,12.3,0.559,0.607,0.361,8.0,16.1,12.1,10.0,0.9,1.8,14.5,15.7,0.3,0.3,0.6,0.122,-1.4,0.2,-1.2,0.0,2247480,2365306
Nick Young,SG,32,GSW,80,1393,10.0,0.562,0.668,0.133,1.7,7.9,5.0,3.5,1.3,0.4,7.0,17.5,0.8,0.9,1.7,0.059,-1.6,-1.9,-3.5,-0.5,5192000,5464195
Thaddeus Young,PF,29,IND,81,2607,14.8,0.528,0.209,0.106,8.0,14.1,11.1,8.5,2.6,1.2,10.4,17.3,2.3,3.2,5.5,0.101,-0.2,0.4,0.2,1.4,12921348,13598762
Cody Zeller,C,25,CHO,33,627,15.9,0.602,0.019,0.545,11.4,19.3,15.3,7.4,1.1,2.8,14.6,15.7,1.2,0.7,1.9,0.145,-1.2,0.0,-1.2,0.1,12584270,13244012
Paul Zipser,SF,23,CHI,54,824,5.2,0.445,0.47,0.107,1.6,16.0,8.5,8.0,1.2,1.6,14.9,15.2,-1.1,0.6,-0.6,-0.034,-5.5,-0.5,-6.1,-0.8,1312611,1381425
Ante Zizic,C,21,CLE,32,214,24.2,0.746,0.0,0.433,12.8,18.6,15.7,3.8,0.5,5.2,12.1,18.8,0.9,0.2,1.0,0.231,1.9,-0.9,1.0,0.2,1645200,1731451
Ivica Zubac,C,20,LAL,43,410,15.3,0.557,0.008,0.418,11.8,20.1,16.0,8.8,0.9,3.0,15.3,17.6,0.5,0.5,1.0,0.118,-1.8,-0.3,-2.0,0.0,1312611,1381425
